[
  {
    "question":"Why do I need Sentinel Safety?",
    "answer":"a. Sentinel Safety is the quintessential safety app. We believe that safety is one of the basic necessities in the civilized world, and is just as important as food and shelter. You can use Sentinel Safety to create a safety network of trusted confidants – who will be your Sentinels, and inform them about your situations. You don’t need to wait until you’re feeling insecure – you can set up our safeguard feature while doing any activity be it walking alone in an unsafe area, travelling somewhere at night, travelling abroad with friends, using public transport, or even just alone at home. Engage the power of the Sentinels around you if you need immediate help and give them your medical information at the click of a button**. Use the location update feature to let your Sentinels track your trip. With many other features Sentinel Safety help you keep your Sentinels in the loop and reduces your insecurity. Take your safety into your own hands and use the power of the many to make the world a safer place."

  },
  {
    "question":"What are some situations where the Sentinel Safety could useful?",
    "answer":" a. Travelling with family – have everyone make each other their Sentinel and create a Safety net. Thus nobody get lost or hurt.\n b. Walking around your college campus late at night – use the Safeguard feature and the Location Update feature to be under the constant watch of your Sentinels.\n c. Taking public transport – Have the safeguard feature on at all times, and in the case of an emergency also use the Community Watch feature to alert nearby Sentinels.\n d. Alone at home – Have the safeguard feature on and if anything untoward happens, inform your Sentinels without even making a move!\n These are some of the many situations where you can use Sentinel Safety to make your life safer and more secure."

  },
  {
    "question":"What puts Sentinel Safety apart from all the other Safety apps out there?",
    "answer":" a. There are many unique features which makes Sentinel Safety much better than other safety apps out there in the field –\n i. Safeguard Touch mode – Requires initial setup BUT needs no action during emergencies, as soon as your thumb moves away from the shield – it automatically sends out an alert to the Sentinels.\n ii. Safeguard Timed mode – Requires initial setup BUT needs no action during emergencies. If you do not check in with the notification at the set time intervals – it automatically sends out an alert to the Sentinels.\n iii. Community Watch – This feature allows you to alert other Sentinels who might not be in your Security Net but might be geographically close to your position and are most poised to provide aid during emergencies.\n iv. Location Update – This feature enables your Sentinels to track your location as you are moving around in real-time. **Only works if your Sentinels also have the app installed.\n v. Other Additional Features coming soon such as -\n	1. Safety Notification – notify your loved ones that you are safe during disasters or other dangerous situations.\n 2. Campus Police – As a college student get to the right authorities immediately.\n 3. Suicide Watch Option – Talk to the local experts who can guide you during tough times.\n 4. Lost Pet/Kidnapping – Send a lookout alert to your Safety net which can get progressed to 2nd and 3rd degree safety nets as well covering large areas.\n 5. Voice Recording – Record small clips during emergency situations to help local authorities figure out exactly what happened."

  },
  {
    "question":"Is Sentinel Safety compatible with all the phone models?",
    "answer":" a. Sentinel safety is compatible with all the phone models which use an android OS or an iOS – these two operating systems together comprise over 99% of the market share.You will need to have a device which uses one of these 2 Operating systems to run the app.\n b. Yes, Sentinels safety works on all the different models of Android and iOS devices.\n c. The software version limitation"

  },
  {
    "question":"Does Sentinel Safety work all over the world?",
    "answer":" a. Yes, Sentinel Safety works all over the world unless there is a country which does not allow Google Play Store or the Apple store apps to function. But it is highly recommended that you check in with your network service provider before using Sentinel abroad, as varied SMS and data fees might apply. The general emergency messages will require SMS services while the location and tracking services will require mobile data or WiFi to function. This is how the device functionality is designed with location and SMS services."
  },
  {
    "question":"Does it cost anything to use the Sentinel Safety?",
    "answer":" a. No, Sentinel Safety is a COMPLETELY FREE-TO-USE APP. But it is highly recommended that you check in with your network service provider as some features require location which will use mobile data and other features require sending SMS texts. These features depend on your network service provider and the current phone plan which you are using."

  },
  {
    "question":"When does Sentinel Safety not work?",
    "answer":" a. There are features in Sentinel Safety which will not work if you’re in an area where the network coverage is very bad – some examples are underground parking lots. This will limit your ability to send out alerts through SMS texts or broadcast your location. Another situation is when your network plan is inactive or suspended and thus it’ll result in the same issue.\n b. There are some features which will not function properly when you are not connected to the internet – these primarily include your location services, they need an active internet connection to function wither through mobile data or Wi-Fi. "

  },
  {
    "question":"What do the different buttons in the app do?",
    "answer":" a. To understand the functionality of all the buttons located on the Home Screen of the app (Main Activity) please access our Focus Tutorial. To access the Tutorial simply go to the Options menu located on the top right corner of the main screen of the app. Then go to the Help Tab and click on – Tutorial. It will give you a thorough run-down of the different buttons and their functionalities.\n b. Options Menu -> Settings Tab -> Help -> Tutorial"

  },
  {
    "question":"Why are some features in my app not working?",
    "answer":" a. The most common reason for this is that the permissions that this app needs are disabled in the phone settings. You will need to follow the path and give the required permissions for our app to work to its fullest capability and use all the features.\n Path – Android\n Path – iOS\n b. If all the permissions are provided and some of the features are still not functioning or giving you issues, please contact our support team at – EMAIL."

  },
  {
    "question":"Will Sentinel Safety drain my battery?",
    "answer":" a. As the person using the app to contact your Sentinels, the app will not drain your battery too much. It will drain a little more battery than average since your display will be on throughout the Safeguard length.\n b. As someone’s Sentinel if you are tracking your target using the location services and the map, then the battery in your app will drain quickly. Location services are battery heavy functions."

  },
  {
    "question":"What do I do if I accidently send out an alert to my Sentinels?",
    "answer":" a. If you accidently send out an alert to your Sentinels, the simplest way for you to put their fears at rest is to send them a text saying that it was a false alarm or even call them personally to make sure that they are not worried about you. It is a good idea to only send out alerts which you actually feel unsafe as it will keep your Sentinels more alert and they will lookout for you with greater urgency than if you were sending alerts all the time without any real semblance of danger. The other action you could take is have your sentinel informed beforehand if you are planning to take public transport or going on a blind date or such – so they can readily spring into action."

  },
  {
    "question":"Why does my phone not go to sleep when I am using Sentinel safety?",
    "answer":" a. This is because if you are using the Safeguard feature in Sentinel safety you will need quick access to the different notification reply buttons or you might be holding the shield for long periods of time. Thus the app will be active continuously and your phone will not go to sleep. However, we believe that this is a good thing since you have access to your safety net a click away during emergencies. If you would like to save battery, then please turn the brightness on your phone to a lower setting – since the display is always on, a high brightness setting will take up a lot of power."

  },
  {
    "question":"Why does my GPS/Maps/Location not work in the app?",
    "answer":" a. The most common reason for this is that the permissions that this app needs are disabled in the phone settings. You will need to follow the path and give the required permissions for our app to work to its fullest capability and use all the features.\n Path – Android\n Path – iOS\n b. If all the permissions are provided and some of the features are still not functioning or giving you issues, please contact our support team at – EMAIL."

  },
  {
    "question":"How do I change my Account phone Number?",
    "answer":" a. To change the Phone Number associated with your account simply go to the Options menu located on the top right corner of the main screen of the app. Then go to the Settings Tab and click on – Change my Phone Number. You will be asked to enter your new phone number. Then click on the Update button. Sentinel Safety will send you a message with a 4 digit One-time Passcode (OTP). Enter the OTP in the verification dialogue box to confirm that you are using the correct phone number. It will give you a message saying Account Phone Number updated.\n b. Options Menu -> Settings Tab -> Change account Phone Number -> Enter New Phone Number -> Click on Update Button -> Enter OTP received -> Click Confirm."

  },
  {
    "question":"How do I change/reset my Email ID?",
    "answer":" a. To change your Email ID simply go to the Options menu located on the top right corner of the main screen of the app. Then go to the Settings Tab and click on – Change my Email ID. There you can enter the new Email ID which you would like to use and re-enter it to confirm your knowledge of the Email ID integrity. Then click on the Update button. It will give you a message saying Email ID updated.\n b. Options Menu -> Settings Tab -> Reset my Email ID -> Enter New Email ID -> Click on Update Button."

  },
  {
    "question":"How do I change/reset my False Alarm Code?",
    "answer":" a. To change your False Alarm Code simply go to the Options menu located on the top right corner of the main screen of the app. Then click on – Change False Alarm Code. You will be asked to enter your previous False Alarm Code to confirm your identity. Then you can enter the new False Alarm Code which you would like to use. Then click on the Update button. It will give you a message saying False Alarm Code updated to XXXX.\n b. Options Menu -> Change False Alarm Code -> Enter old and New False Alarm Code -> Click on Update Button."

  },
  {
    "question":"How do I give permissions for different features in my Sentinel app, if I refused them during installation?",
    "answer":" a. If you did not give permissions to Sentinel Safety for access to some features such as contacts or SMS texting, it will make it impossible to use the app to the full extent. It is easy to fix this – \n i. For an Android OS:\n ii. For the iOS: "

  },
  {
    "question":"Who should I add to be my Sentinels?",
    "answer":" a. While choosing your Sentinels there are somethings you should take into consideration. \n i. Firstly, you want to make sure that you can trust the Sentinels you choose. If you cannot trust someone – then there is no point in calling them for help.\n ii. Secondly, you want to make sure that your Sentinels will consider you a priority. If they are not dependable and will put you off to focus on other issues, then they might not answer your call for help.\n iii. Thirdly, you want to pick Sentinels who are close enough to come to your aid. If your Sentinels are in a different country, then they will not be able to do much for you in times of danger, no matter how concerned they are.\n iv. Lastly, you should try and choose Sentinels who are a current part of your life and generally know about your day to day activities. They will be much more equipped to help you out as they know your schedule.\n b. You should try to add Sentinels who are occupied at different times during the day. Then there will always be someone to watch out for your safety - whenever, wherever you are. "

  },
  {
    "question":"How many Sentinels can I add?",
    "answer":" a. You can add up to X Sentinels, but remember that with each Sentinel you add – the number of messages that get sent will increase and based on your phone plan and your network provider, you might incur charges due to increased usage (Please check with your network plan). Adding more Sentinels will generally imply that there are more people to come to your aid. But know that quality will always outdo quantity; 5 watchful Sentinels are much better than 20 careless Sentinels."

  },
  {
    "question":"How do I select more Sentinels for my app?",
    "answer":" a. To select more Sentinels for your app simply go to the profile menu located on the top left corner of the main screen of the app. Then go to the Sentinels Tab and click on – Select my Sentinels. This will take you to your contacts list where you will be able to select people who you want to designate as your Sentinels. once you have selected all the Sentinels you would like to add to your list, click the check mark button on the top right hand corner.\n b. Profile Menu -> Sentinels Tab -> Select my Sentinels Button -> Pick people from your contacts list -> Click check mark button"

  },
  {
    "question":"What if I want to remove a Sentinel?",
    "answer":" a. To remove a Sentinel for your app simply go to the profile menu located on the top left corner of the main screen of the app. Then go to the Sentinels Tab and you will see all your current Sentinels listed on the page. Next to each of their names, there will be a remove button (trash can symbol). Click on the remove button linked to the Sentinel/Sentinels whom you want to remove. You will get a dialog box asking you to confirm whether you would like to remove XYZ from your Sentinels. Click on confirm.\n b. Profile Menu -> Sentinels Tab -> Click Remove Button next to appropriate Sentinels -> Confirm"

  },
  {
    "question":"Will someone know if I remove them as my Sentinel?",
    "answer":" a. No. Sentinel Safety will not inform your Sentinel that you decided to remove them from your Sentinel Listing."

  },
  {
    "question":"I invited someone to be my Sentinel but he/she declined?",
    "answer":" a. You might consider talking to them and telling them about how this will be helpful to increase your sense of security in your current environment. If they still refuse, then you should definitely consider finding other people to be your Sentinels, rather than pressuring someone into it. It is a role which requires a high level of commitment and if the person is not going to be able to handle this, then you are better off finding other Sentinels. On the other hand if the person changes their mind, you can always resend the invite to them."

  },
  {
    "question":"I invited someone to be my Sentinel but he/she is still pending?",
    "answer":" a. The first step should be to contact them and inform them about the app and personally invite them to accept the request. You can guide them through the acceptance process and discuss what this will involve on your parts. The other option is that you can resend the invite as a reminder to them, because in some cases they might have missed the first SMS text due to other commitments."

  },
  {
    "question":"Can I set different Sentinel’s to different importance levels?",
    "answer":" a. No, our current version of the app does not allow you to sort Sentinels into levels of importance or into different groups based on criteria/factors. The emergency alerts, messages and notifications which you send out will go to all your Sentinels uniformly."

  },
  {
    "question":"Can I customize my Message templates?",
    "answer":" a. You will choose your message templates during your Setup time and you can change them from the menu. Originally they are set to our default message templates and all your Sentinels are assigned the default templates in the beginning. Yes, you can create a custom message template for different buttons – and assign it to particular Sentinels. But there are requirements about this functionality! You should keep in mind that a regular text message will usually have a 160 character limit – and this limit includes the link which will be attached to the SMS text.\n b. You do not want to have a long message as the longer text will take a longer time to read and process. We highly recommend that you use one of the template messages which are provided with our app."

  },
  {
    "question":"Are all of my Sentinels notified when I send out an alert?",
    "answer":" a. Yes, the emergency alerts, messages and notifications which you send out will go to all your Sentinels uniformly. The current version of the app does not allow you to sort Sentinels into different categories and pick the Sentinels to send particular alerts to."

  },
  {
    "question":"Can I set different message templates for different Sentinels?",
    "answer":" a. Yes, you can send different messages to each one of your Sentinels. And you can do this for each button as well. When you first use the app, as the default setting, there is a set of messages assigned to each of your Sentinels which is the same for all of them. But you can change the message template or create a custom message template for your Sentinels by going to the message template option in the Profile menu. There you can also select different message templates to be assigned to different Sentinels."

  },
  {
    "question":"Do my Sentinels need to have Sentinel Safety installed?",
    "answer":" a. No, your Sentinels do not need Sentinel Safety installed to use most of the features associated with the app. The emergency messages will go to them through SMS text messages – hence both of you will need to have an active phone plan. HOWEVER IT IS HIGHLY RECOMMENDED THAT THEY HAVE THE SENTINEL APP INSTALLED - as that allows you to use the tracking feature with the location button instead of just sending a glimpse of your last location. This feature could come in handy if you are being chased or travelling in public transport etc."

  },
  {
    "question":"What permissions do I need to give the app for it to function to its fullest capability?",
    "answer":" a. Contacts\n b. Location\n c. SMS texting\n d. Internet / WiFi connection"

  },
  {
    "question":"How can I set up settings for the different contacts and the different message buttons?",
    "answer":" a. To change any Setting or factors which are connected to the different buttons go to the options menu which is located at the top right hand corner of the home screen and then to the Settings tab. There you will find the different options which you can change. If there is any particular variable which you would like to have control over and change it – please notify us using out Contact info, and we will see what we can do to address your issues.\n Options Menu -> Settings Tab -> Different features"

  },
  {
    "question":"What is the Safeguard Shield feature?",
    "answer":" a. The Safeguard Shield is the primary feature of Sentinel Safety through which you can reach your Sentinels. Both the modes of the Safeguard feature are set up so that you can initialize them during a safe situation and they receive feedback from you continuously. Without the feedback they activate. This means that during an emergency or during a time of danger, you will not have to take any action to contact your Sentinels. Most times in emergency situations, you cannot do anything or you do not have the time to do anything – this feature is designed to work on that psychology of the situation and leverage that to your advantage. Read more about Mode 1 and Mode 2 in the following questions!"

  },
  {
    "question":"What is the Mode 1 – Touch mode?",
    "answer":" a. In the Mode 1 – Touch mode of the Safeguard shield you basically are trying to set up notification systems before the emergency arises so that you do not have to take any actions during the emergency. You can pull up the app and then touch the Safeguard shield. As long as this touch is maintained, the system assumes that you are fine. You can see this by the ripples which begin once you touch the device. If the contact is broken, then the phone will vibrate slightly to let you know and begin the False Alarm Countdown. If you do not enter the code then your Sentinels will be notified that you are in danger. If you enter the False Alarm Code, then the Safeguard Shield resets. BUT during an emergency you do not have to take any action to contact your Sentinels – just remove your finger from the shield."

  },
  {
    "question":"What is the Mode 2 – Timed mode?",
    "answer":" a. In the Mode 2 – Timed Mode of the Safeguard Shield you can set up a function in which your phone checks up on you at certain small intervals of 30 seconds to 10 minutes. This allows you to use your phone and go access other apps while still under the protection of the Safeguard shield. Every time at the end of a particular time interval, you will be sent a notification asking you if everything is alright – “Safe” or if something feels wrong – “Danger” . If you select the “Safe” option, then the timer will reset and the interval will restart and the shield will recheck your status again after the same interval. On the other hand if you select “Danger”, then an immediate notification will go out to the Sentinels. If you select neither, then the False Alarm Countdown will begin.To access the timed mode, press the Safeguard Shield and drag it outside the circle!"

  },
  {
    "question":"What happens if I accidently remove my thumb from the shield / What happens if I accidently forget to check in with the timed mode?",
    "answer":" a. In these situations your phone will vibrate and ask you to enter the False Alarm code. You will only have a small bracket of time to enter the False Alarm code. If you choose not to enter the False Alarm code or are not able to enter it within the specified time, then the Safety Alert of notification will get sent out. In this scenario we suggest that you talk to your Sentinels personally through phone and text and inform that you accidently sent them an alarm and calm their fears."

  },
  {
    "question":"In which situations would I use the Safeguard Shield feature?",
    "answer":" a. Some examples of situations would where the safeguard feature would be useful are – Maybe someone is walking alone at night and gets attacked – the attacker steals the phone and throws it away making you unable to contact anyone. In this case having the safeguard feature turned on would let you alert your Sentinels without doing anything.It is also especially useful in situations wherein an attacker asks you not to move at all or put your hands behind your head. Just removing your thumb from the phone will discreetly alert your Sentinels but give no signal to the attacker, thus helping your safety. Other situations such as where you get hit by a car and are knocked unconscious or an attacker knocks you unconscious are also excellent examples where the Safeguard Shield function works very well."

  },
  {
    "question":"How do I turn off the Safeguard Shield without sending my Sentinels an Alert?",
    "answer":" a. You can do this simply by letting the False Alarm Countdown begin and entering the False Alarm Code. That will reset the Safeguard Shield."

  },
  {
    "question":"How does the Panic Button feature work?",
    "answer":" a. The Panic Button is a feature in our app that lets you send an alert to your Sentinels without any delay. It is a more serious alert for your Sentinels, which indicates that you might be in grave danger and they should contact the local authorities or such. The difference in this situation is that you do not get a false alarm countdown, the software skips that steps and contacts your Sentinels immediately. Another difference is that the urgency of the messages with the Safeguard features vs. the Panic Button can be very different. "

  },
  {
    "question":"How does the Community Watch feature work?",
    "answer":" a. The Community Watch feature is one of the unique functionalities of our app which leverages the Sentinels around you, as they will be very close to your location and will able to come to your aid almost immediately. As more people use the app, the network of Sentinels close to your location gets bigger and you’ll always have someone around your location that will be able to come to your aid. This function is novel and is not available in any other software or application."

  },
  {
    "question":"How many people does the community watch alert notify?",
    "answer":" a. The Community Watch feature alerts all the Sentinels present in a 2 mile / 3.2 km radius. This might alert 1-2 people or a 1000 based on how many people are in that location."

  },
  {
    "question":"What is the Medical help feature?",
    "answer":" a. The Medical help feature is designed for you to be able to contact your Sentinels quickly in needs of medical emergencies. It also allows your Sentinels to access some basic health information such as your Blood Group and your insurance information. This information will only get sent out of those sections of your profile are completed. We highly recommend you to complete these sections of your profile and suggest that you ensure that all the information entered in these sections is accurate."

  },
  {
    "question":"In which situations will I need to use the Medical Help Feature?",
    "answer":" a. Situations in which it might be useful to use this feature could occur in many different places. For example, it might occur when you are our on a camping trip in a remote area, or when you are travelling abroad and have none of your medical information with you on hand. Other situations this might be useful is if you are in a hit-and-run situation or get attacked by a stray animal and need to get medical help immediately."

  },
  {
    "question":"What is the Location Status feature?",
    "answer":" a. The location status feature is a function with which you send a tracking link to your Sentinels using which they can track your movement over a certain time period. You can adjust this time period in your Settings Tab which is located in the options menu. You can also just send them a snapshot of your current location using the Status update feature which is currently under work."

  },
  {
    "question":"In which situations can I use the location Status feature?",
    "answer":" a. Some good situations to use the location tracking feature is when you are going out exercising or on a run. Another good time would be when you are planning to take an Uber or some form of Taxi service and are unsure of the driver’s integrity. You could use the feature as a college student taking public transportation late at night or just walking home from campus/going to the library etc. and thus have a way for your Sentinels to keep an eye on you and help you feel much safer."

  },
  {
    "question":"Why can my Sentinels not use the location Status link which I sent them?",
    "answer":" a. This is a feature which requires all the concerned parties to have the Sentinel app downloaded onto their devices. Your Sentinels will only be able to track you if they have the sentinel app downloaded onto their phones. Thus it is HIGHLY RECOMMENDED THAT YOUR SENTINELS ALSO DOWNLOAD THE SENTINEL APP onto their device. If they do not have the device, then they will only be able to see a static snapshot of your last location."

  },
  {
    "question":"Can I send only certain people my location and my Status?",
    "answer":" a. No, the emergency alerts, messages and notifications which you send out will go to all your Sentinels uniformly. The current version of the app does not allow you to sort Sentinels into different categories and pick the Sentinels to send particular alerts to. But the location tracking link is a time based link which is only active for a particular amount of time. You can set this time using the settings tab in the options menu which Is located at the top right hand corner of the home screen."

  },
  {
    "question":"How long will my Sentinels be able to track my location?",
    "answer":" a. You can change this according to your preferences. You can go to the Options menu which is located on the top right hand corner of the home screen and then move to the Settings tab. In the settings tab you can adjust time amount of time for which the location tracking link is active amongst your Sentinels. This time can be adjusted from 30 mins to 12 hours with 30 minute intervals. So if you are going out for a 30 min jog or a 6 hour date, we got you covered."

  },
  {
    "question":"What additional features are currently under development in the app?",
    "answer":"a. Safety Notification – notify your loved ones that you are safe during disasters or other dangerous situations.\n b. Suicide Watch Option – Talk to the local experts who can guide you during tough times.\n c. Lost Pet/Kidnapping – Send a lookout alert to your Safety net which can get progressed to 2nd and 3rd degree safety nets as well covering large areas.\n d. Voice Recording – Record small clips during emergency situations to help local authorities figure out exactly what happened.\n e.	Themes – Personalize your Sentinel App based on your School affiliations and use that to automatically get access to the Campus Police Feature.\n f. Campus Police – As a college student get to the right authorities immediately."

  },
  {
    "question":"What data does Sentinel Safety store?",
    "answer":"a. The data that Sentinel Safety stores includes.\n b. You can access our Privacy Policy HERE."

  },
  {
    "question":"What is the Sentinel Safety Privacy Policy?",
    "answer":"a. You can access our Privacy Policy HERE."

  },
  {
    "question":"What are the Sentinel Safety Terms and Conditions?",
    "answer":"a. You can access our Terms and Conditions HERE."

  }



]